{
	"format_version": "1.8.0",
	"animations": {
		"animation.model.idle": {
			"loop": true,
			"animation_length": 2.25,
			"bones": {
				"FRleg": {
					"rotation": {
						"0.0": {
							"vector": [0, 0, 0]
						},
						"0.25": {
							"vector": [4.38567, -14.52146, -12.86951]
						},
						"0.5": {
							"vector": [1.06844, -15.1188, 0]
						},
						"0.75": {
							"vector": [2.16633, -7.26364, -12.60222]
						},
						"1.0": {
							"vector": [0, 0, 0]
						},
						"1.25": {
							"vector": [-7.83962, 22.43312, -1.05613]
						},
						"1.5": {
							"vector": [2.16038, 22.43312, -1.05613]
						},
						"1.75": {
							"vector": [-4.03213, 22.18635, -17.27548]
						},
						"2.0": {
							"vector": [0, 0, 0]
						}
					}
				},
				"BRleg": {
					"rotation": {
						"0.0": {
							"vector": [0, 0, 0]
						},
						"0.25": {
							"vector": [-5.38152, 19.291, -15.91527]
						},
						"0.5": {
							"vector": [0, 20, 0]
						},
						"0.75": {
							"vector": [-5.38152, 19.291, -15.91527]
						},
						"1.0": {
							"vector": [0, 0, 0]
						},
						"1.25": {
							"vector": [-2.66399, 14.76689, -10.34527]
						},
						"1.5": {
							"vector": [-0.33477, 14.9927, -1.29387]
						},
						"1.75": {
							"vector": [-3.31914, 14.63639, -12.92638]
						},
						"2.0": {
							"vector": [0, 14.94159, 0]
						},
						"2.25": {
							"vector": [0, 0, 0]
						}
					},
					"position": {
						"0.0": {
							"vector": [0, 0, 0]
						},
						"0.25": {
							"vector": [0, -1, 2]
						},
						"0.5": {
							"vector": [0, 0.33, 1.33]
						},
						"0.75": {
							"vector": [0, 0.16, 1.67]
						},
						"1.0": {
							"vector": [0, 0, 0]
						},
						"1.25": {
							"vector": [2, 0, 0]
						},
						"1.5": {
							"vector": [2, 0, 0]
						},
						"1.75": {
							"vector": [2, 0, 0]
						},
						"2.25": {
							"vector": [0, 0, 0]
						}
					}
				},
				"MRleg": {
					"rotation": {
						"0.0": {
							"vector": [0, 0, 0]
						},
						"0.25": {
							"vector": [-3.61644, 19.6835, -10.62758]
						},
						"0.5": {
							"vector": [0, 20, 0]
						},
						"0.75": {
							"vector": [-1.81693, 19.92066, -10.6276]
						},
						"1.0": {
							"vector": [0, 0, 0]
						},
						"1.25": {
							"vector": [-4.50432, 19.50645, -13.27463]
						},
						"1.5": {
							"vector": [0.90956, 19.98015, 2.66022]
						},
						"1.75": {
							"vector": [-5.38152, 19.291, -15.91527]
						},
						"2.0": {
							"vector": [-0.90956, 19.98015, 0]
						},
						"2.25": {
							"vector": [0, 0, 0]
						}
					},
					"position": {
						"0.0": {
							"vector": [0, 0, 0]
						},
						"1.0": {
							"vector": [0, 0, 0]
						},
						"1.25": {
							"vector": [2, 0, 0]
						},
						"2.25": {
							"vector": [0, 0, 0]
						}
					}
				},
				"body": {
					"rotation": {
						"0.0": {
							"vector": [0, 0, 0]
						},
						"0.25": {
							"vector": [4.62934, -24.59477, -11.00966]
						},
						"0.5": {
							"vector": [0, -25, 0]
						},
						"0.75": {
							"vector": [4.6293, -24.09293, -16.47027]
						},
						"1.0": {
							"vector": [0, 0, 0]
						},
						"1.25": {
							"vector": [0, 25, -11.007]
						},
						"1.5": {
							"vector": [4.81938, 25.47651, 0.08309]
						},
						"1.75": {
							"vector": [-4.62934, 24.59477, -16.50281]
						},
						"2.0": {
							"vector": [0, 15, 0]
						},
						"2.25": {
							"vector": [0, 0, 0]
						}
					}
				},
				"BLleg": {
					"rotation": {
						"0.0": {
							"vector": [0, 0, 0]
						},
						"0.25": {
							"vector": [2.74715, -12.19908, -12.79362]
						},
						"0.5": {
							"vector": [0, -12.5, 0]
						},
						"0.75": {
							"vector": [4.8493, -11.53486, -22.99008]
						},
						"1.0": {
							"vector": [0, 0, 0]
						},
						"1.25": {
							"vector": [-1.3378, 14.94159, -5.17544]
						},
						"1.5": {
							"vector": [0, 5, 0]
						},
						"1.75": {
							"vector": [-1.71394, 4.69776, -20.07031]
						},
						"2.0": {
							"vector": [0, 5, 0]
						},
						"2.25": {
							"vector": [0, 0, 0]
						}
					},
					"position": {
						"0.0": {
							"vector": [0, 0, 0]
						},
						"0.25": {
							"vector": [0, 0, 1]
						},
						"0.75": {
							"vector": [0, 1, 1]
						},
						"1.0": {
							"vector": [0, 0, 0]
						},
						"2.25": {
							"vector": [0, 0, 0]
						}
					}
				},
				"MLleg": {
					"rotation": {
						"0.0": {
							"vector": [0, 0, 0]
						},
						"0.25": {
							"vector": [1.75378, -9.84655, -10.15108]
						},
						"0.5": {
							"vector": [0, -10, 0]
						},
						"0.75": {
							"vector": [1.08482, -4.88119, -12.54624]
						},
						"1.0": {
							"vector": [0, 0, 0]
						},
						"1.25": {
							"vector": [-3.13388, 17.22575, -10.47479]
						},
						"1.5": {
							"vector": [0, 17.5, 0]
						},
						"1.75": {
							"vector": [-4.6653, 16.88547, -15.69284]
						},
						"2.0": {
							"vector": [0, 10, 0]
						},
						"2.25": {
							"vector": [0, 0, 0]
						}
					}
				},
				"FLleg": {
					"rotation": {
						"0.0": {
							"vector": [0, 0, 0]
						},
						"0.25": {
							"vector": [2.35666, -17.34551, -7.85952]
						},
						"0.5": {
							"vector": [0, -17.5, 0]
						},
						"0.75": {
							"vector": [2.35666, -17.34551, -7.85952]
						},
						"1.0": {
							"vector": [0, 0, 0]
						},
						"1.25": {
							"vector": [-3.13388, 17.22575, -10.47479]
						},
						"1.5": {
							"vector": [-0.78843, 17.4928, -2.6213]
						},
						"1.75": {
							"vector": [-4.66813, 16.89509, -15.69366]
						},
						"2.0": {
							"vector": [0, 10, 0]
						},
						"2.25": {
							"vector": [0, 0, 0]
						}
					}
				}
			}
		},
		"animation.model.walk": {
			"loop": true,
			"animation_length": 1,
			"bones": {
				"BRfoot": {
					"position": {
						"0.0": {
							"vector": [0, 0, 0]
						},
						"0.25": {
							"vector": [2, 0, 0]
						},
						"0.5": {
							"vector": [0, 0, 0]
						},
						"0.75": {
							"vector": [-2, 0, 0]
						},
						"1.0": {
							"vector": [0, 0, 0]
						}
					}
				},
				"FRfoot": {
					"rotation": {
						"0.0": {
							"vector": [0, 0, 0]
						},
						"0.25": {
							"vector": [0, 12.5, 0]
						},
						"0.5": {
							"vector": [0, 0, 0]
						},
						"0.75": {
							"vector": [0, -20, 0]
						},
						"1.0": {
							"vector": [0, 0, 0]
						}
					}
				},
				"FRleg": {
					"rotation": {
						"0.0": {
							"vector": [0, 0, 0]
						},
						"0.25": {
							"vector": [0, 10, 0]
						},
						"0.5": {
							"vector": [0, 0, 0]
						},
						"0.75": {
							"vector": [0, -12.5, 0]
						},
						"1.0": {
							"vector": [0, 0, 0]
						}
					}
				},
				"MRfoot": {
					"position": {
						"0.0": {
							"vector": [0, 0, 0]
						},
						"0.25": {
							"vector": [1, 0, 0]
						},
						"0.5": {
							"vector": [0, 0, 0]
						},
						"0.75": {
							"vector": [-1, 0, 0]
						},
						"1.0": {
							"vector": [0, 0, 0]
						}
					}
				},
				"BRleg": {
					"rotation": {
						"0.0": {
							"vector": [0, 0, 0]
						},
						"0.25": {
							"vector": [0, 0, -7.5]
						},
						"0.5": {
							"vector": [0, 0, 0]
						}
					},
					"position": {
						"0.0": {
							"vector": [0, 0, 0]
						},
						"0.25": {
							"vector": [1, 0, 0]
						},
						"0.5": {
							"vector": [0, 0, 0]
						},
						"0.75": {
							"vector": [-1, 0, 0]
						},
						"1.0": {
							"vector": [0, 0, 0]
						}
					}
				},
				"MRleg": {
					"rotation": {
						"0.0": {
							"vector": [0, 0, 0]
						},
						"0.25": {
							"vector": [0, 0, -10]
						},
						"0.5": {
							"vector": [0, 0, 0]
						}
					},
					"position": {
						"0.0": {
							"vector": [0, 0, 0]
						},
						"0.25": {
							"vector": [1, 0, 0]
						},
						"0.5": {
							"vector": [0, 0, 0]
						},